U-001, wanasart, 031147, Premium
U-002, user123, pass456, Normal
U-003, testuser, testpass, Normal
U-004, demo123, demo456, Normal
U-005, example, examplepass, Normal
U-006, newuser, newpass, Normal
U-007, tempuser, temppass, Premium
U-008, trialuser, trialpass, Premium
U-009, finaluser, finalpass, Normal
U-010, lastuser, lastpass, Normal
U-011, wanasart11, 031147, Normal
